name,category,difficulty,prep_time,servings,ingredients,tags,featured,image,calories,protein,carbs,fat,fiber,instructions
Sancocho Dominicano (Dominican Stew),Main Course,medium,2 hours,8,"[""2 lbs Chicken Thighs"", ""1.5 lbs Beef Stew Meat"", ""1 lb Pork Shoulder"", ""2 lbs Cassava"", ""3 units Green Plantain"", ""1 lb Sweet Potato"", ""1 lb Pumpkin"", ""2 units Corn on the Cob"", ""1 bunch Cilantro"", ""2 units Onions"", ""6 cloves Garlic"", ""1 unit Green Bell Pepper"", ""2 tsp Oregano"", ""2 tsp Salt"", ""1 tsp Black Pepper""]","[""traditional"", ""stew"", ""comfort food"", ""family meal""]",True,,,,,,"[""Season all meats with salt, pepper, oregano, and half of the mashed garlic. Let marinate for 30 minutes."", ""In a large pot, bring 12 cups of water to a boil. Add the meats and cook for 30 minutes, skimming any foam."", ""Add cassava, plantains, sweet potato, pumpkin, and corn. Cook for 45 minutes until vegetables are tender."", ""In a separate pan, sauté onions, garlic, and bell pepper. Add to the pot along with cilantro."", ""Simmer for 15 more minutes. Adjust seasoning to taste."", ""Serve hot in deep bowls with white rice and avocado on the side.""]"
La Bandera Dominicana (The Flag),Main Course,easy,45 minutes,4,"[""2 cups White Rice"", ""1 cup Red Kidney Beans"", ""1.5 lbs Chicken Drumsticks"", ""2 units Tomatoes"", ""1 unit Onions"", ""4 cloves Garlic"", ""1 unit Green Bell Pepper"", ""1/2 bunch Cilantro"", ""2 tbsp Adobo Seasoning"", ""3 tbsp Vegetable Oil"", ""1 tsp Salt""]","[""daily meal"", ""traditional"", ""rice and beans""]",True,,,,,,"[""Cook beans: Boil pre-soaked beans with water until tender, about 30 minutes. Season with salt."", ""Make sofrito: Sauté diced onions, garlic, bell pepper, tomatoes, and cilantro in oil until fragrant."", ""Season chicken with adobo and brown in a pan. Add half the sofrito and simmer for 25 minutes until cooked through."", ""Cook rice: Rinse rice, add to pot with water (1:2 ratio), bring to boil, then simmer covered for 20 minutes."", ""Finish beans: Add remaining sofrito to cooked beans and simmer for 10 minutes."", ""Serve by arranging rice, beans, and chicken on a plate with a side salad.""]"
Moro de Guandules (Rice with Pigeon Peas),Side Dish,easy,35 minutes,6,"[""3 cups White Rice"", ""2 cans Pigeon Peas"", ""1 cup Coconut Milk"", ""1 unit Onions"", ""4 cloves Garlic"", ""1 unit Cubanelle Pepper"", ""1/2 bunch Cilantro"", ""3 tbsp Tomato Paste"", ""2 tbsp Adobo Seasoning"", ""3 tbsp Vegetable Oil"", ""1 tsp Salt""]","[""rice"", ""side dish"", ""christmas""]",True,,,,,,"[""Drain pigeon peas, reserving the liquid. Rinse rice thoroughly."", ""Heat oil in a large pot. Sauté diced onions, garlic, pepper, and cilantro until softened."", ""Add tomato paste and adobo seasoning, stirring for 2 minutes."", ""Add rice and stir to coat with the sofrito. Add pigeon peas and mix well."", ""Pour in coconut milk and enough reserved pea liquid to cover rice by 1 inch. Add salt to taste."", ""Bring to a boil, then reduce heat to low. Cover and cook for 25 minutes until rice is tender. Fluff and serve hot.""]"
Pollo Guisado (Dominican Stewed Chicken),Main Course,easy,40 minutes,4,"[""3 lbs Whole Chicken"", ""3 units Tomatoes"", ""1 unit Onions"", ""5 cloves Garlic"", ""1 unit Green Bell Pepper"", ""1/2 bunch Cilantro"", ""1/2 cup Tomato Sauce"", ""1 tsp Oregano"", ""2 tbsp Adobo Seasoning"", ""2 tbsp Vinegar"", ""3 tbsp Vegetable Oil"", ""1 tsp Salt"", ""1/2 tsp Black Pepper""]","[""chicken"", ""stew"", ""traditional""]",True,,,,,,"[""Cut chicken into pieces. Mix adobo, oregano, vinegar, salt, and pepper. Marinate chicken for 20 minutes."", ""Blend tomatoes, onions, garlic, bell pepper, and cilantro to make a sofrito."", ""Heat oil in a large pot. Brown chicken pieces on all sides, about 5 minutes per side."", ""Add the sofrito and tomato sauce to the pot. Stir to coat chicken."", ""Add 1 cup of water, bring to a boil, then reduce heat. Cover and simmer for 25 minutes until chicken is tender."", ""Serve hot over white rice with the flavorful sauce spooned on top.""]"
Mangú con Los Tres Golpes,Breakfast,medium,30 minutes,4,"[""4 units Green Plantain"", ""1 unit Onions"", ""1/4 cup Vinegar"", ""1/2 cup Vegetable Oil"", ""4 units Eggs"", ""8 oz Salami"", ""8 oz Dominican White Cheese"", ""1 tsp Salt"", ""2 tbsp Butter""]","[""breakfast"", ""traditional"", ""plantain""]",True,,,,,,"[""Peel and cut plantains into chunks. Boil in salted water for 20 minutes until very soft."", ""Meanwhile, slice onions thinly. Heat vinegar with 2 tbsp water and pour over onions. Let sit for 10 minutes for pickled onions."", ""Fry salami slices in a pan until crispy, about 3 minutes per side. Fry cheese slices until golden."", ""Fry eggs sunny-side up or to your preference."", ""Drain plantains and mash with butter until smooth and creamy."", ""Serve mangú in the center of the plate topped with pickled onions, with fried salami, cheese, and egg on the sides.""]"
Asopao de Pollo (Chicken Rice Soup),Soup,medium,50 minutes,6,"[""2 lbs Chicken Thighs"", ""1.5 cups White Rice"", ""3 units Tomatoes"", ""1 unit Onions"", ""5 cloves Garlic"", ""1 unit Green Bell Pepper"", ""1 bunch Cilantro"", ""2 units Carrots"", ""1 cup Peas"", ""1/2 cup Tomato Sauce"", ""2 tbsp Adobo Seasoning"", ""1 tsp Oregano"", ""3 tbsp Vegetable Oil"", ""1 tsp Salt""]","[""soup"", ""rice"", ""comfort food""]",False,,,,,,"[]"
,"[]"
Habichuelas Guisadas (Stewed Beans),Side Dish,easy,1 hour,6,"[""2 cups Red Kidney Beans"", ""1 cup Pumpkin"", ""2 units Tomatoes"", ""1 unit Onions"", ""4 cloves Garlic"", ""1 unit Green Bell Pepper"", ""1/2 bunch Cilantro"", ""3 tbsp Tomato Paste"", ""1 tbsp Adobo Seasoning"", ""1 tsp Sugar"", ""2 tbsp Vegetable Oil"", ""1 tsp Salt""]","[""beans"", ""side dish"", ""vegetarian""]",False,,,,,,
,"[]"
Tostones (Fried Green Plantains),Side Dish,easy,20 minutes,4,"[""3 units Green Plantain"", ""2 cups Vegetable Oil"", ""1 tsp Salt"", ""3 cloves Garlic""]","[""fried"", ""plantain"", ""side dish"", ""appetizer""]",False,,,,,,
,"[]"
Maduros (Fried Sweet Plantains),Side Dish,easy,15 minutes,4,"[""3 units Ripe Plantain"", ""1 cup Vegetable Oil"", ""1/2 tsp Salt""]","[""fried"", ""plantain"", ""sweet"", ""side dish""]",False,,,,,,
,"[]"
Res Guisada (Dominican Beef Stew),Main Course,medium,1 hour,6,"[""2 lbs Beef Stew Meat"", ""3 units Potatoes"", ""2 units Carrots"", ""3 units Tomatoes"", ""1 unit Onions"", ""5 cloves Garlic"", ""1 unit Green Bell Pepper"", ""1/2 bunch Cilantro"", ""1/2 cup Tomato Sauce"", ""2 tbsp Worcestershire Sauce"", ""1 tsp Oregano"", ""2 tbsp Adobo Seasoning"", ""3 tbsp Vegetable Oil"", ""1 tsp Salt"", ""1/2 tsp Black Pepper""]","[""beef"", ""stew"", ""traditional""]",False,,,,,,
,"[]"
Cerdo Guisado (Stewed Pork),Main Course,medium,55 minutes,4,"[""2 lbs Pork Chops"", ""3 units Tomatoes"", ""1 unit Onions"", ""5 cloves Garlic"", ""1 unit Green Bell Pepper"", ""1/2 cup Tomato Sauce"", ""1 tsp Oregano"", ""2 tbsp Adobo Seasoning"", ""2 tbsp Vinegar"", ""3 tbsp Vegetable Oil"", ""1 tsp Salt"", ""1/2 tsp Black Pepper""]","[""pork"", ""stew"", ""traditional""]",False,,,,,,
,"[]"
Pescado Frito (Fried Fish),Main Course,easy,25 minutes,4,"[""2 lbs Tilapia"", ""1 cup Wheat Flour"", ""4 cloves Garlic"", ""2 units Limes"", ""1 tsp Oregano"", ""1 tsp Salt"", ""1/2 tsp Black Pepper"", ""2 cups Vegetable Oil""]","[""fish"", ""fried"", ""seafood""]",False,,,,,,
,"[]"
Chillo Frito (Fried Red Snapper),Main Course,medium,30 minutes,4,"[""2 lbs Red Snapper"", ""1 cup Wheat Flour"", ""5 cloves Garlic"", ""2 units Limes"", ""1 tsp Oregano"", ""1 tsp Salt"", ""1/2 tsp Black Pepper"", ""2 cups Vegetable Oil""]","[""fish"", ""fried"", ""seafood"", ""special""]",False,,,,,,
,"[]"
Camarones al Ajillo (Garlic Shrimp),Main Course,easy,20 minutes,4,"[""1.5 lbs Shrimp"", ""8 cloves Garlic"", ""4 tbsp Butter"", ""3 tbsp Olive Oil"", ""1/2 cup White Wine"", ""2 units Limes"", ""1/4 bunch Cilantro"", ""1 tsp Salt"", ""1/2 tsp Black Pepper""]","[""shrimp"", ""garlic"", ""seafood"", ""quick""]",False,,,,,,
,"[]"
Bacalaítos (Codfish Fritters),Appetizer,medium,45 minutes,12,"[""8 oz Dried Salted Cod"", ""2 cups Wheat Flour"", ""4 cloves Garlic"", ""1 unit Onions"", ""1/4 bunch Cilantro"", ""1 unit Cubanelle Pepper"", ""1 tbsp Baking Powder"", ""1.5 cups Water"", ""2 cups Vegetable Oil"", ""1/2 tsp Salt""]","[""fritters"", ""appetizer"", ""street food"", ""bacalao""]",False,,,,,,
,"[]"
Yuca con Cebolla (Cassava with Onions),Side Dish,easy,30 minutes,4,"[""2 lbs Cassava"", ""2 units Onions"", ""1/4 cup Vinegar"", ""1/4 cup Olive Oil"", ""1 tsp Salt""]","[""cassava"", ""side dish"", ""simple""]",False,,,,,,
,"[]"
Ensalada Verde (Green Salad),Salad,easy,10 minutes,4,"[""1 head Lettuce"", ""2 units Tomatoes"", ""1 unit Avocado"", ""1/2 unit Onions"", ""2 units Limes"", ""3 tbsp Olive Oil"", ""2 tbsp Vinegar"", ""1/2 tsp Salt""]","[""salad"", ""vegetarian"", ""fresh"", ""healthy""]",False,,,,,,
,"[]"
Pastelón de Plátano Maduro (Sweet Plantain Casserole),Main Course,medium,1 hour,8,"[""6 units Ripe Plantain"", ""1.5 lbs Ground Beef"", ""4 units Eggs"", ""1 unit Onions"", ""4 cloves Garlic"", ""1 unit Green Bell Pepper"", ""1 cup Tomato Sauce"", ""2 cups Mozzarella Cheese"", ""3 tbsp Butter"", ""1/2 cup Whole Milk"", ""2 tbsp Adobo Seasoning"", ""1 tsp Salt"", ""1/2 cup Vegetable Oil""]","[""casserole"", ""plantain"", ""beef"", ""baked""]",True,,,,,,
,"[]"
Yaroa (Dominican Fast Food Casserole),Main Course,easy,35 minutes,4,"[""3 units Green Plantain"", ""1 lb Ground Beef"", ""1 unit Onions"", ""3 cloves Garlic"", ""1 unit Green Bell Pepper"", ""1/4 cup Ketchup"", ""1/4 cup Mayonnaise"", ""2 cups Mozzarella Cheese"", ""2 cups Vegetable Oil"", ""1 tsp Salt""]","[""fast food"", ""plantain"", ""beef"", ""street food""]",False,,,,,,
,"[]"
Chicharrón de Pollo (Dominican Fried Chicken),Main Course,medium,1 hour,4,"[""2 lbs Chicken Drumsticks"", ""1 cup Wheat Flour"", ""6 cloves Garlic"", ""1 tsp Oregano"", ""3 tbsp Soy Sauce"", ""2 units Limes"", ""2 tbsp Adobo Seasoning"", ""1 tsp Salt"", ""1/2 tsp Black Pepper"", ""3 cups Vegetable Oil""]","[""fried"", ""chicken"", ""traditional""]",True,,,,,,
,"[]"
Locrio de Pollo (Dominican Chicken Rice),Main Course,medium,45 minutes,6,"[""3 lbs Whole Chicken"", ""3 cups White Rice"", ""3 units Tomatoes"", ""1 unit Onions"", ""5 cloves Garlic"", ""1 unit Green Bell Pepper"", ""1/2 bunch Cilantro"", ""1/2 cup Olives"", ""3 tbsp Tomato Paste"", ""1 cup Beer"", ""2 tbsp Adobo Seasoning"", ""3 tbsp Vegetable Oil"", ""1 tsp Salt""]","[""rice"", ""chicken"", ""one pot""]",False,,,,,,
,"[]"
Pica Pollo (Fried Chicken Chunks),Main Course,easy,40 minutes,4,"[""2 lbs Chicken Thighs"", ""1 cup Wheat Flour"", ""5 cloves Garlic"", ""1 tsp Oregano"", ""3 tbsp Soy Sauce"", ""2 units Limes"", ""1 tsp Salt"", ""1/2 tsp Black Pepper"", ""3 cups Vegetable Oil""]","[""fried"", ""chicken"", ""street food""]",False,,,,,,
,"[]"
Pernil Asado (Roast Pork Shoulder),Main Course,hard,4 hours,10,"[""6 lbs Pork Shoulder"", ""1 head Garlic"", ""2 tbsp Oregano"", ""1/2 cup Vinegar"", ""1 cup Sour Orange Juice"", ""3 tbsp Adobo Seasoning"", ""2 tsp Salt"", ""1 tsp Black Pepper""]","[""pork"", ""roasted"", ""christmas"", ""special occasion""]",True,,,,,,
,"[]"
Arroz Blanco (White Rice),Side Dish,easy,25 minutes,6,"[""3 cups White Rice"", ""2 tbsp Vegetable Oil"", ""1 tsp Salt"", ""4.5 cups Water""]","[""rice"", ""side dish"", ""basic""]",False,,,,,,
,"[]"
Moro de Habichuelas Negras (Rice with Black Beans),Side Dish,easy,35 minutes,6,"[""3 cups White Rice"", ""1.5 cups Black Beans"", ""1 unit Onions"", ""4 cloves Garlic"", ""1 unit Cubanelle Pepper"", ""1/2 bunch Cilantro"", ""2 tbsp Adobo Seasoning"", ""3 tbsp Vegetable Oil"", ""1 tsp Salt""]","[""rice"", ""beans"", ""side dish""]",False,,,,,,
,"[]"
Sopa de Res (Beef Soup),Soup,medium,1.5 hours,8,"[""2 lbs Beef Stew Meat"", ""1.5 lbs Cassava"", ""2 units Green Plantain"", ""1 lb Sweet Potato"", ""1 lb Pumpkin"", ""2 units Corn on the Cob"", ""2 units Carrots"", ""1/2 head Cabbage"", ""1 bunch Cilantro"", ""1 unit Onions"", ""5 cloves Garlic"", ""2 stalks Celery"", ""2 tsp Salt"", ""1 tsp Black Pepper""]","[""soup"", ""beef"", ""comfort food""]",False,,,,,,
,"[]"
Molondrón Guisado (Stewed Okra),Side Dish,easy,30 minutes,4,"[""1 lb Okra"", ""2 units Tomatoes"", ""1 unit Onions"", ""3 cloves Garlic"", ""1/2 cup Tomato Sauce"", ""2 tbsp Vegetable Oil"", ""1 tsp Salt"", ""1/2 tsp Black Pepper""]","[""okra"", ""vegetable"", ""side dish""]",False,,,,,,
,"[]"
Berenjena Guisada (Stewed Eggplant),Side Dish,easy,25 minutes,4,"[""2 lbs Eggplant"", ""2 units Tomatoes"", ""1 unit Onions"", ""4 cloves Garlic"", ""1 unit Green Bell Pepper"", ""1/2 cup Tomato Sauce"", ""2 tbsp Vegetable Oil"", ""1 tsp Salt""]","[""eggplant"", ""vegetable"", ""vegetarian""]",False,,,,,,
,"[]"
Chuletas Fritas (Fried Pork Chops),Main Course,easy,30 minutes,4,"[""4 units Pork Chops"", ""5 cloves Garlic"", ""1 tsp Oregano"", ""2 units Limes"", ""1 tsp Salt"", ""1/2 tsp Black Pepper"", ""1 cup Vegetable Oil""]","[""pork"", ""fried"", ""quick""]",False,,,,,,
,"[]"
Longaniza Frita (Fried Dominican Sausage),Main Course,easy,15 minutes,4,"[""1.5 lbs Longaniza"", ""1 unit Onions"", ""2 units Limes"", ""2 tbsp Vegetable Oil""]","[""sausage"", ""fried"", ""quick""]",False,,,,,,
,"[]"
Guineos en Escabeche (Pickled Green Bananas),Side Dish,medium,40 minutes,6,"[""8 units Green Bananas"", ""2 units Onions"", ""1/2 cup Vinegar"", ""1/4 cup Olive Oil"", ""3 Bay Leaves"", ""4 oz Dried Salted Cod"", ""1 tsp Salt""]","[""pickled"", ""side dish"", ""traditional""]",False,,,,,,
,"[]"
Pastelitos de Carne (Meat Turnovers),Appetizer,medium,1 hour,12,"[""3 cups Wheat Flour"", ""1 lb Ground Beef"", ""1 unit Onions"", ""3 cloves Garlic"", ""1 unit Green Bell Pepper"", ""1/2 cup Tomato Sauce"", ""1 tbsp Adobo Seasoning"", ""1/2 cup Butter"", ""2 cups Vegetable Oil"", ""1 tsp Salt""]","[""pastry"", ""beef"", ""fried"", ""street food""]",False,,,,,,
,"[]"
Pastelitos de Pollo (Chicken Turnovers),Appetizer,medium,1 hour,12,"[""3 cups Wheat Flour"", ""1 lb Chicken Thighs"", ""1 unit Onions"", ""3 cloves Garlic"", ""1 unit Green Bell Pepper"", ""1/2 cup Tomato Sauce"", ""1 tbsp Adobo Seasoning"", ""1/2 cup Butter"", ""2 cups Vegetable Oil"", ""1 tsp Salt""]","[""pastry"", ""chicken"", ""fried"", ""street food""]",False,,,,,,
,"[]"
Arepitas de Yuca (Cassava Fritters),Snack,medium,45 minutes,8,"[""2 lbs Cassava"", ""1/4 cup Sugar"", ""1 tsp Anise Seeds"", ""1/2 tsp Salt"", ""2 cups Vegetable Oil""]","[""fritters"", ""cassava"", ""sweet"", ""snack""]",False,,,,,,
,"[]"
Yaniqueques (Johnny Cakes),Snack,easy,30 minutes,8,"[""2 cups Wheat Flour"", ""1 tbsp Baking Powder"", ""2 tbsp Sugar"", ""1 tsp Salt"", ""1 cup Water"", ""2 cups Vegetable Oil""]","[""fried bread"", ""snack"", ""beach food""]",False,,,,,,
,"[]"
Bollitos de Yuca (Cassava Balls),Snack,medium,40 minutes,10,"[""2 lbs Cassava"", ""2 units Eggs"", ""1 cup Dominican White Cheese"", ""1/4 cup Sugar"", ""1 tsp Anise Seeds"", ""1/2 tsp Salt"", ""2 cups Vegetable Oil""]","[""fritters"", ""cassava"", ""cheese"", ""snack""]",False,,,,,,
,"[]"
Morir Soñando (Orange Cream Drink),Beverage,easy,10 minutes,4,"[""6 units Oranges"", ""1 can Evaporated Milk"", ""1/4 cup Sugar"", ""1 tsp Vanilla Extract"", ""2 cups Ice""]","[""drink"", ""orange"", ""cream"", ""refreshing""]",True,,,,,,
,"[]"
Jugo de Chinola (Passion Fruit Juice),Beverage,easy,15 minutes,4,"[""8 units Passion Fruit"", ""1/2 cup Sugar"", ""4 cups Water"", ""2 cups Ice""]","[""juice"", ""passion fruit"", ""drink"", ""refreshing""]",False,,,,,,
,"[]"
Avena Caliente (Hot Oatmeal Drink),Beverage,easy,20 minutes,4,"[""1 cup Oats"", ""4 cups Whole Milk"", ""1 tsp Ground Cinnamon"", ""1 tsp Vanilla Extract"", ""1/2 cup Condensed Milk"", ""1/4 cup Sugar"", ""1/4 tsp Salt""]","[""drink"", ""hot"", ""oatmeal"", ""breakfast""]",False,,,,,,
,"[]"
Batida de Lechosa (Papaya Smoothie),Beverage,easy,5 minutes,2,"[""2 cups Papaya"", ""1 cup Whole Milk"", ""2 tbsp Sugar"", ""1 tsp Vanilla Extract"", ""1 cup Ice""]","[""smoothie"", ""papaya"", ""drink"", ""breakfast""]",False,,,,,,
,"[]"
Habichuelas con Dulce (Sweet Cream of Beans),Dessert,medium,1.5 hours,10,"[""2 cups Red Kidney Beans"", ""1 can Coconut Milk"", ""1 can Evaporated Milk"", ""1 can Condensed Milk"", ""1 cup Sugar"", ""1 lb Sweet Potato"", ""1 tbsp Ground Cinnamon"", ""1/2 tsp Ground Cloves"", ""1/2 cup Raisins"", ""2 tbsp Butter"", ""2 tsp Vanilla Extract""]","[""dessert"", ""beans"", ""cream"", ""easter"", ""traditional""]",True,,,,,,
,"[]"
Majarete (Corn Pudding),Dessert,easy,30 minutes,6,"[""3 cups Fresh Corn"", ""1 can Coconut Milk"", ""2 cups Whole Milk"", ""3/4 cup Sugar"", ""1 tsp Ground Cinnamon"", ""1 tsp Vanilla Extract"", ""1/4 tsp Salt""]","[""dessert"", ""corn"", ""pudding"", ""traditional""]",False,,,,,,
,"[]"
Flan de Coco (Coconut Flan),Dessert,medium,1 hour,8,"[""6 units Eggs"", ""1 can Coconut Milk"", ""1 can Condensed Milk"", ""1 can Evaporated Milk"", ""1 cup Sugar"", ""2 tsp Vanilla Extract""]","[""dessert"", ""flan"", ""coconut"", ""baked""]",False,,,,,,
,"[]"
Arroz con Leche (Rice Pudding),Dessert,easy,40 minutes,6,"[""1 cup White Rice"", ""4 cups Whole Milk"", ""1/2 cup Condensed Milk"", ""1/2 cup Sugar"", ""1 tsp Ground Cinnamon"", ""1 tsp Vanilla Extract"", ""1/2 cup Raisins"", ""1/4 tsp Salt""]","[""dessert"", ""rice"", ""pudding"", ""traditional""]",False,,,,,,
,"[]"
Dulce de Coco (Coconut Sweet),Dessert,medium,45 minutes,8,"[""2 units Fresh Coconut"", ""2 cups Sugar"", ""1 cup Water"", ""1 tsp Ground Cinnamon""]","[""dessert"", ""coconut"", ""sweet"", ""traditional""]",False,,,,,,
,"[]"
Dulce de Lechosa (Candied Papaya),Dessert,easy,1 hour,8,"[""3 lbs Green Papaya"", ""2 cups Sugar"", ""1 tsp Ground Cinnamon"", ""1/4 tsp Ground Cloves"", ""3 cups Water""]","[""dessert"", ""papaya"", ""candied"", ""traditional""]",False,,,,,,
,"[]"
Tres Leches Cake,Dessert,hard,2 hours,12,"[""2 cups Wheat Flour"", ""6 units Eggs"", ""1.5 cups Sugar"", ""1 cup Whole Milk"", ""1 can Evaporated Milk"", ""1 can Condensed Milk"", ""2 cups Heavy Cream"", ""2 tsp Vanilla Extract"", ""1 tbsp Baking Powder""]","[""cake"", ""dessert"", ""tres leches"", ""celebration""]",True,,,,,,
,"[]"
Bizcocho Dominicano (Dominican Cake),Dessert,hard,2 hours,16,"[""3 cups Wheat Flour"", ""8 units Eggs"", ""2 cups Sugar"", ""1 cup Whole Milk"", ""1 cup Butter"", ""2 tsp Vanilla Extract"", ""2 tbsp Baking Powder"", ""1 cup Pineapple"", ""1/4 cup Rum"", ""4 cups Meringue""]","[""cake"", ""dessert"", ""celebration"", ""traditional""]",True,,,,,,
,"[]"
Ensalada de Coditos (Macaroni Salad),Salad,easy,25 minutes,6,"[""1 lb Macaroni Pasta"", ""1 cup Mayonnaise"", ""2 units Carrots"", ""1 cup Corn"", ""1 cup Peas"", ""4 units Hard Boiled Eggs"", ""1 tsp Salt"", ""1/2 tsp Black Pepper"", ""1 tbsp Sugar""]","[""salad"", ""pasta"", ""side dish"", ""potluck""]",False,,,,,,
,"[]"
Ensalada Rusa (Russian Salad),Salad,medium,45 minutes,8,"[""4 units Potatoes"", ""3 units Carrots"", ""2 units Beets"", ""1 cup Peas"", ""4 units Hard Boiled Eggs"", ""1.5 cups Mayonnaise"", ""1 cup Diced Ham"", ""1 tsp Salt"", ""1/2 tsp Black Pepper""]","[""salad"", ""potato"", ""christmas"", ""celebration""]",False,,,,,,
,"[]"
Guineitos con Huevo (Bananas with Egg),Breakfast,easy,20 minutes,2,"[""4 units Ripe Bananas"", ""2 units Eggs"", ""2 tbsp Butter"", ""2 tbsp Sugar"", ""1/2 tsp Ground Cinnamon"", ""1/4 tsp Salt""]","[""breakfast"", ""banana"", ""eggs"", ""quick""]",False,,,,,,
,"[]"
Revoltillo de Huevos (Scrambled Eggs Dominican Style),Breakfast,easy,15 minutes,2,"[""4 units Eggs"", ""2 units Tomatoes"", ""1/2 unit Onions"", ""1/2 unit Green Bell Pepper"", ""2 tbsp Vegetable Oil"", ""1/2 tsp Salt"", ""1/4 tsp Black Pepper""]","[""breakfast"", ""eggs"", ""quick"", ""traditional""]",False,,,,,,
,"[]"
Huevos Bañados (Eggs in Tomato Sauce),Breakfast,easy,20 minutes,4,"[""4 units Eggs"", ""1.5 cups Tomato Sauce"", ""1 unit Onions"", ""3 cloves Garlic"", ""1 unit Green Bell Pepper"", ""2 tbsp Vegetable Oil"", ""1/2 tsp Salt"", ""1/4 tsp Black Pepper""]","[""breakfast"", ""eggs"", ""tomato sauce""]",False,,,,,,
,"[]"
Salami con Huevo (Salami with Eggs),Breakfast,easy,15 minutes,2,"[""8 oz Salami"", ""4 units Eggs"", ""1/2 unit Onions"", ""1 tbsp Vegetable Oil""]","[""breakfast"", ""eggs"", ""salami"", ""quick""]",False,,,,,,
,"[]"
Pan Con Aguacate (Bread with Avocado),Breakfast,easy,5 minutes,1,"[""2 slices Bread"", ""1 unit Avocado"", ""1/4 tsp Salt"", ""1 tbsp Olive Oil""]","[""breakfast"", ""avocado"", ""quick"", ""simple""]",False,,,,,,
,"[]"
Chambre (Avocado and Egg Salad),Breakfast,easy,15 minutes,2,"[""3 units Hard Boiled Eggs"", ""2 units Avocado"", ""1/2 unit Onions"", ""2 tbsp Olive Oil"", ""1 tbsp Vinegar"", ""1/2 tsp Salt""]","[""breakfast"", ""salad"", ""avocado"", ""eggs""]",False,,,,,,
,"[]"
Locrio de Longaniza (Longaniza Rice),Main Course,medium,45 minutes,6,"[""3 cups White Rice"", ""1 lb Longaniza"", ""2 units Tomatoes"", ""1 unit Onions"", ""4 cloves Garlic"", ""1 unit Green Bell Pepper"", ""1/2 bunch Cilantro"", ""3 tbsp Tomato Paste"", ""2 tbsp Adobo Seasoning"", ""2 tbsp Vegetable Oil"", ""1 tsp Salt""]","[""rice"", ""sausage"", ""one pot""]",False,,,,,,
,"[]"
Locrio de Cerdo (Pork Rice),Main Course,medium,50 minutes,6,"[""3 cups White Rice"", ""1.5 lbs Pork Chops"", ""2 units Tomatoes"", ""1 unit Onions"", ""4 cloves Garlic"", ""1 unit Green Bell Pepper"", ""1/2 bunch Cilantro"", ""3 tbsp Tomato Paste"", ""2 tbsp Adobo Seasoning"", ""2 tbsp Vegetable Oil"", ""1 tsp Salt""]","[""rice"", ""pork"", ""one pot""]",False,,,,,,
,"[]"
Locrio de Camarones (Shrimp Rice),Main Course,medium,40 minutes,4,"[""2 cups White Rice"", ""1 lb Shrimp"", ""2 units Tomatoes"", ""1 unit Onions"", ""4 cloves Garlic"", ""1 unit Green Bell Pepper"", ""1/2 bunch Cilantro"", ""3 tbsp Tomato Paste"", ""2 tbsp Adobo Seasoning"", ""3 tbsp Olive Oil"", ""1 tsp Salt""]","[""rice"", ""shrimp"", ""seafood"", ""one pot""]",True,,,,,,
,"[]"
Espagueti con Pollo (Spaghetti with Chicken),Main Course,easy,35 minutes,6,"[""1 lb Spaghetti Pasta"", ""1.5 lbs Chicken Thighs"", ""2 cups Tomato Sauce"", ""1 unit Onions"", ""4 cloves Garlic"", ""1 unit Green Bell Pepper"", ""1 tsp Oregano"", ""1 tbsp Sugar"", ""3 tbsp Vegetable Oil"", ""1 tsp Salt""]","[""pasta"", ""chicken"", ""quick""]",False,,,,,,
,"[]"
Espagueti con Salami (Spaghetti with Salami),Main Course,easy,25 minutes,4,"[""1 lb Spaghetti Pasta"", ""12 oz Salami"", ""2 cups Tomato Sauce"", ""1 unit Onions"", ""3 cloves Garlic"", ""1 unit Green Bell Pepper"", ""1 tsp Oregano"", ""1 tbsp Sugar"", ""2 tbsp Vegetable Oil"", ""1 tsp Salt""]","[""pasta"", ""salami"", ""quick""]",False,,,,,,
,"[]"
Espagueti con Camarones (Spaghetti with Shrimp),Main Course,medium,30 minutes,4,"[""1 lb Spaghetti Pasta"", ""1 lb Shrimp"", ""2 cups Tomato Sauce"", ""1 unit Onions"", ""4 cloves Garlic"", ""1 unit Green Bell Pepper"", ""1 tsp Oregano"", ""1/2 cup White Wine"", ""3 tbsp Olive Oil"", ""1 tsp Salt""]","[""pasta"", ""shrimp"", ""seafood""]",False,,,,,,
,"[]"
Rabo Guisado (Oxtail Stew),Main Course,hard,3 hours,6,"[""3 lbs Oxtail"", ""2 units Tomatoes"", ""1 unit Onions"", ""5 cloves Garlic"", ""1 unit Green Bell Pepper"", ""2 units Carrots"", ""3 units Potatoes"", ""1 cup Tomato Sauce"", ""1 cup Red Wine"", ""2 tbsp Worcestershire Sauce"", ""3 Bay Leaves"", ""1 tsp Oregano"", ""2 tbsp Adobo Seasoning"", ""3 tbsp Vegetable Oil"", ""1 tsp Salt"", ""1/2 tsp Black Pepper""]","[""stew"", ""oxtail"", ""special"", ""slow cooked""]",True,,,,,,
,"[]"
Hígado Encebollado (Liver with Onions),Main Course,easy,25 minutes,4,"[""1.5 lbs Beef Liver"", ""2 units Onions"", ""4 cloves Garlic"", ""2 units Limes"", ""2 tbsp Vinegar"", ""1 tsp Oregano"", ""2 tbsp Vegetable Oil"", ""1 tsp Salt"", ""1/2 tsp Black Pepper""]","[""liver"", ""onions"", ""quick""]",False,,,,,,
,"[]"
Sopa de Pescado (Fish Soup),Soup,medium,45 minutes,6,"[""2 lbs Tilapia"", ""1 lb Cassava"", ""2 units Green Plantain"", ""2 units Tomatoes"", ""1 unit Onions"", ""4 cloves Garlic"", ""1 unit Green Bell Pepper"", ""1 bunch Cilantro"", ""2 units Limes"", ""1 can Coconut Milk"", ""1 tsp Salt"", ""1/2 tsp Black Pepper""]","[""soup"", ""fish"", ""seafood""]",False,,,,,,
,"[]"
Sopa de Mariscos (Seafood Soup),Soup,medium,50 minutes,6,"[""1 lb Shrimp"", ""1 lb Fish Fillets"", ""1 lb Mussels"", ""1 lb Squid"", ""2 units Tomatoes"", ""1 unit Onions"", ""5 cloves Garlic"", ""1 unit Green Bell Pepper"", ""1 bunch Cilantro"", ""1 cup Tomato Sauce"", ""1 cup White Wine"", ""2 units Limes"", ""3 tbsp Olive Oil"", ""1 tsp Salt"", ""1/2 tsp Black Pepper""]","[""soup"", ""seafood"", ""special""]",True,,,,,,
,"[]"
Sopa de Guandules (Pigeon Pea Soup),Soup,easy,40 minutes,6,"[""2 cans Pigeon Peas"", ""1 lb Pumpkin"", ""1 lb Cassava"", ""1 lb Sweet Potato"", ""1 unit Onions"", ""4 cloves Garlic"", ""1 bunch Cilantro"", ""1 can Coconut Milk"", ""1 tsp Salt"", ""1/2 tsp Black Pepper""]","[""soup"", ""beans"", ""vegetarian""]",False,,,,,,
,"[]"
Sopa de Habichuelas (Bean Soup),Soup,easy,1 hour,6,"[""2 cups Red Kidney Beans"", ""1 lb Pumpkin"", ""1 lb Sweet Potato"", ""1 unit Onions"", ""4 cloves Garlic"", ""1 bunch Cilantro"", ""3 tbsp Tomato Paste"", ""1 tsp Salt"", ""1/2 tsp Black Pepper""]","[""soup"", ""beans"", ""vegetarian""]",False,,,,,,
,"[]"
Crema de Auyama (Pumpkin Cream Soup),Soup,easy,35 minutes,4,"[""2 lbs Pumpkin"", ""1 unit Onions"", ""3 cloves Garlic"", ""2 cups Whole Milk"", ""1 cup Heavy Cream"", ""2 tbsp Butter"", ""1/4 tsp Nutmeg"", ""1 tsp Salt"", ""1/2 tsp Black Pepper""]","[""soup"", ""cream"", ""pumpkin"", ""vegetarian""]",False,,,,,,
,"[]"
Crema de Vegetales (Vegetable Cream Soup),Soup,easy,40 minutes,6,"[""1 lb Pumpkin"", ""3 units Carrots"", ""2 stalks Celery"", ""1 unit Onions"", ""3 cloves Garlic"", ""2 units Potatoes"", ""3 cups Whole Milk"", ""3 tbsp Butter"", ""1 tsp Salt"", ""1/2 tsp Black Pepper""]","[""soup"", ""cream"", ""vegetables"", ""vegetarian""]",False,,,,,,
,"[]"
Arroz con Coco (Coconut Rice),Side Dish,easy,30 minutes,6,"[""3 cups White Rice"", ""1.5 cans Coconut Milk"", ""1/4 cup Sugar"", ""1 tsp Salt"", ""1/2 cup Raisins""]","[""rice"", ""coconut"", ""side dish"", ""sweet""]",False,,,,,,
,"[]"
Arroz Amarillo (Yellow Rice),Side Dish,easy,25 minutes,6,"[""3 cups White Rice"", ""1 unit Onions"", ""3 cloves Garlic"", ""1 unit Green Bell Pepper"", ""1 tsp Turmeric"", ""2 tbsp Vegetable Oil"", ""1 tsp Salt""]","[""rice"", ""side dish"", ""yellow""]",False,,,,,,
,"[]"
Puré de Papa (Mashed Potatoes),Side Dish,easy,30 minutes,4,"[""4 units Potatoes"", ""3 tbsp Butter"", ""1/2 cup Whole Milk"", ""1 tsp Salt"", ""1/2 tsp Black Pepper""]","[""potatoes"", ""side dish"", ""mashed""]",False,,,,,,
,"[]"
Papas Fritas (French Fries),Side Dish,easy,25 minutes,4,"[""4 units Potatoes"", ""3 cups Vegetable Oil"", ""1 tsp Salt""]","[""potatoes"", ""fried"", ""side dish""]",False,,,,,,
,"[]"
Molletes (Sweet Cornmeal Cakes),Dessert,medium,40 minutes,12,"[""2 cups Corn Flour"", ""1/2 cup Sugar"", ""1 can Coconut Milk"", ""1 tsp Ground Cinnamon"", ""1 tsp Anise Seeds"", ""1/2 cup Raisins"", ""2 cups Vegetable Oil"", ""1/2 tsp Salt""]","[""dessert"", ""corn"", ""sweet"", ""fried""]",False,,,,,,
,"[]"
Casabe (Cassava Bread),Bread,hard,2 hours,10,"[""5 lbs Cassava"", ""1 tsp Salt""]","[""bread"", ""cassava"", ""traditional"", ""indigenous""]",False,,,,,,
,"[]"
Arepa Dominicana (Dominican Corn Pancake),Dessert,easy,35 minutes,8,"[""2 cups Corn Flour"", ""1 can Coconut Milk"", ""3/4 cup Sugar"", ""1 tsp Vanilla Extract"", ""1 tsp Ground Cinnamon"", ""1/2 cup Raisins"", ""3 tbsp Butter"", ""1/4 tsp Salt""]","[""dessert"", ""corn"", ""sweet"", ""traditional""]",False,,,,,,
,"[]"
Pan de Batata (Sweet Potato Bread),Dessert,medium,1 hour,10,"[""2 lbs Sweet Potato"", ""2 cups Wheat Flour"", ""3 units Eggs"", ""3/4 cup Sugar"", ""1/2 cup Butter"", ""1/2 cup Whole Milk"", ""1 tsp Ground Cinnamon"", ""1 tsp Vanilla Extract"", ""1 tbsp Baking Powder"", ""1/2 tsp Salt""]","[""dessert"", ""bread"", ""sweet potato"", ""baked""]",False,,,,,,
,"[]"
Buñuelos (Sweet Fritters),Dessert,medium,45 minutes,12,"[""1.5 lbs Cassava"", ""2 units Eggs"", ""1/2 cup Wheat Flour"", ""1/2 cup Sugar"", ""1 tsp Anise Seeds"", ""1 tsp Vanilla Extract"", ""2 cups Vegetable Oil"", ""1/2 tsp Salt""]","[""dessert"", ""fritters"", ""fried"", ""sweet""]",False,,,,,,
,"[]"
Torreja (Dominican French Toast),Dessert,easy,20 minutes,4,"[""8 slices Bread"", ""3 units Eggs"", ""1 cup Whole Milk"", ""1/4 cup Sugar"", ""1 tsp Vanilla Extract"", ""1 tsp Ground Cinnamon"", ""3 tbsp Butter""]","[""dessert"", ""bread"", ""french toast"", ""sweet""]",False,,,,,,
,"[]"
Jalao (Dominican Coconut Pull Candy),Dessert,hard,1.5 hours,20,"[""2 units Fresh Coconut"", ""2 cups Brown Sugar"", ""1/2 cup Molasses"", ""1 tsp Ground Ginger"", ""1 tsp Ground Cinnamon"", ""1 cup Water""]","[""candy"", ""coconut"", ""traditional"", ""sweet""]",False,,,,,,
,"[]"
Helado de Coco (Coconut Ice Cream),Dessert,medium,4 hours,8,"[""2 cans Coconut Milk"", ""1 can Condensed Milk"", ""1 can Evaporated Milk"", ""2 tsp Vanilla Extract"", ""1 cup Shredded Coconut""]","[""ice cream"", ""coconut"", ""frozen"", ""dessert""]",False,,,,,,
,"[]"
Ensalada de Frutas (Fruit Salad),Dessert,easy,15 minutes,6,"[""2 units Mango"", ""2 cups Papaya"", ""2 cups Pineapple"", ""2 cups Watermelon"", ""3 units Bananas"", ""3 units Oranges"", ""2 tbsp Sugar"", ""2 units Limes""]","[""fruit"", ""salad"", ""fresh"", ""healthy""]",False,,,,,,
,"[]"
Chimichurri Dominicano (Dominican Burger),Main Course,medium,40 minutes,4,"[""1.5 lbs Ground Beef"", ""4 units Bread"", ""2 cups Cabbage"", ""2 units Tomatoes"", ""1 unit Onions"", ""1/4 cup Ketchup"", ""1/4 cup Mayonnaise"", ""2 tbsp Hot Sauce"", ""2 cups Vegetable Oil"", ""1 tsp Salt"", ""1/2 tsp Black Pepper""]","[""burger"", ""street food"", ""fast food""]",True,,,,,,
,"[]"
Yaroa de Pollo (Chicken Yaroa),Main Course,easy,40 minutes,4,"[""3 units Green Plantain"", ""1.5 lbs Chicken Thighs"", ""1 unit Onions"", ""1/4 cup Ketchup"", ""1/4 cup Mayonnaise"", ""2 cups Mozzarella Cheese"", ""2 cups Vegetable Oil"", ""1 tsp Salt""]","[""yaroa"", ""chicken"", ""plantain"", ""fast food""]",False,,,,,,
,"[]"
Mofongo (Mashed Fried Plantains),Side Dish,medium,30 minutes,4,"[""4 units Green Plantain"", ""6 cloves Garlic"", ""1 cup Pork Cracklings"", ""2 cups Vegetable Oil"", ""1 tsp Salt"", ""1 cup Chicken Broth""]","[""plantain"", ""mashed"", ""garlic"", ""traditional""]",True,,,,,,
,"[]"
Pionono (Sweet Plantain Roll),Main Course,hard,1.5 hours,6,"[""5 units Ripe Plantain"", ""1 lb Ground Beef"", ""3 units Eggs"", ""1 unit Onions"", ""4 cloves Garlic"", ""1 unit Green Bell Pepper"", ""1 cup Tomato Sauce"", ""1.5 cups Mozzarella Cheese"", ""1 tbsp Adobo Seasoning"", ""1 cup Vegetable Oil"", ""1 tsp Salt""]","[""plantain"", ""beef"", ""roll"", ""baked""]",False,,,,,,
,"[]"
Camarones al Coco (Coconut Shrimp),Appetizer,medium,35 minutes,4,"[""1 lb Shrimp"", ""1 cup Shredded Coconut"", ""1/2 cup Wheat Flour"", ""2 units Eggs"", ""1 cup Bread Crumbs"", ""2 cups Vegetable Oil"", ""1 tsp Salt"", ""1/2 tsp Black Pepper""]","[""shrimp"", ""coconut"", ""fried"", ""appetizer""]",False,,,,,,
,"[]"
Pescado con Coco (Fish in Coconut Sauce),Main Course,medium,35 minutes,4,"[""2 lbs Tilapia"", ""1 can Coconut Milk"", ""1 unit Onions"", ""4 cloves Garlic"", ""1 unit Green Bell Pepper"", ""2 units Tomatoes"", ""1/2 bunch Cilantro"", ""2 units Limes"", ""1 tsp Salt"", ""1/2 tsp Black Pepper""]","[""fish"", ""coconut"", ""sauce"", ""seafood""]",True,,,,,,
,"[]"
Kipe (Dominican Kibbeh),Appetizer,hard,1.5 hours,12,"[""2 cups Bulgur Wheat"", ""1 lb Ground Beef"", ""1 unit Onions"", ""4 cloves Garlic"", ""1 unit Green Bell Pepper"", ""1/2 cup Tomato Sauce"", ""1/4 bunch Parsley"", ""2 tbsp Mint"", ""1 tsp Cumin"", ""1 tsp Salt"", ""1/2 tsp Black Pepper"", ""3 cups Vegetable Oil""]","[""fried"", ""beef"", ""middle eastern fusion"", ""street food""]",False,,,,,,
,"[]"
Empanadas de Yuca (Cassava Turnovers),Appetizer,hard,1.5 hours,12,"[""3 lbs Cassava"", ""1 lb Ground Beef"", ""1 unit Onions"", ""4 cloves Garlic"", ""1 unit Green Bell Pepper"", ""1/2 cup Tomato Sauce"", ""1 tbsp Adobo Seasoning"", ""3 cups Vegetable Oil"", ""1 tsp Salt""]","[""cassava"", ""beef"", ""fried"", ""traditional""]",False,,,,,,
,"[]"
Chacá (Sweet Corn and Bean Dessert),Dessert,medium,1.5 hours,8,"[""2 cups Corn"", ""1 cup Red Kidney Beans"", ""1 can Coconut Milk"", ""1 can Condensed Milk"", ""1 cup Sugar"", ""1 tsp Ground Cinnamon"", ""1/2 tsp Ground Cloves"", ""1 tsp Vanilla Extract"", ""1/2 cup Raisins""]","[""dessert"", ""corn"", ""beans"", ""traditional""]",False,,,,,,
,"[]"
Ensalada de Aguacate (Avocado Salad),Salad,easy,10 minutes,4,"[""3 units Avocado"", ""2 units Tomatoes"", ""1 unit Onions"", ""2 units Limes"", ""3 tbsp Olive Oil"", ""1/2 bunch Cilantro"", ""1/2 tsp Salt""]","[""salad"", ""avocado"", ""fresh"", ""healthy""]",False,,,,,,
,"[]"
Ensalada de Repollo (Cabbage Salad),Salad,easy,15 minutes,6,"[""1 head Cabbage"", ""2 units Carrots"", ""1/4 cup Vinegar"", ""2 tbsp Sugar"", ""3 tbsp Mayonnaise"", ""1/2 tsp Salt""]","[""salad"", ""cabbage"", ""coleslaw"", ""side dish""]",False,,,,,,
,"[]"
Batida de Guineo (Banana Smoothie),Beverage,easy,5 minutes,2,"[""3 units Bananas"", ""2 cups Whole Milk"", ""2 tbsp Sugar"", ""1 tsp Vanilla Extract"", ""1 tsp Ground Cinnamon"", ""1 cup Ice""]","[""smoothie"", ""banana"", ""drink"", ""breakfast""]",False,,,,,,
,"[]"
Café Dominicano (Dominican Coffee),Beverage,easy,10 minutes,4,"[""4 tbsp Coffee"", ""4 cups Water"", ""4 tbsp Sugar""]","[""coffee"", ""drink"", ""hot"", ""traditional""]",False,,,,,,
,"[]"
Chocolate Caliente (Hot Chocolate),Beverage,easy,15 minutes,4,"[""4 oz Chocolate"", ""4 cups Whole Milk"", ""1/4 cup Sugar"", ""1 tsp Ground Cinnamon"", ""1 tsp Vanilla Extract""]","[""hot chocolate"", ""drink"", ""traditional"", ""breakfast""]",False,,,,,,
,"[]"
